k,accuracy,features,train_samples,test_samples,quant_scale
1,0.9866666666666667,18,294,75,100.0
3,0.9733333333333334,18,294,75,100.0
5,0.9733333333333334,18,294,75,100.0
7,0.9733333333333334,18,294,75,100.0
